{"stats":{"minecraft:custom":{"minecraft:time_since_rest":4654,"minecraft:crouch_one_cm":158,"minecraft:play_time":4654,"minecraft:sprint_one_cm":662,"minecraft:walk_one_cm":2528,"minecraft:sneak_time":84,"minecraft:mob_kills":1,"minecraft:jump":11,"minecraft:damage_dealt":100,"minecraft:leave_game":1,"minecraft:time_since_death":4654,"minecraft:total_world_time":4654,"minecraft:interact_with_crafting_table":1,"minecraft:fly_one_cm":298},"minecraft:used":{"minecraft:wooden_sword":2,"minecraft:crafting_table":1},"minecraft:crafted":{"minecraft:wooden_sword":1,"minecraft:oak_planks":16,"minecraft:crafting_table":1,"minecraft:stick":4},"minecraft:killed":{"minecraft:pig":1},"minecraft:picked_up":{"minecraft:porkchop":2,"minecraft:oak_log":4},"minecraft:mined":{"minecraft:oak_log":4,"minecraft:oak_leaves":3}},"DataVersion":3465}